n_train,n_test,scaffold_auc,bedroc,ef_1pct,ef_5pct,ef_10pct,roc_fpr,roc_tpr,ad_n_inside,ad_n_outside,ad_threshold_fmt,y_scramble_p
1389,246,0.8228082191780821,1.0,1.6849315068493151,1.6849315068493151,1.6147260273972603,"[0.0, 0.0, 0.0, 0.01, 0.01, 0.02, 0.02, 0.02, 0.02, 0.03, 0.03, 0.04, 0.04, 0.05, 0.05, 0.06, 0.06, 0.09, 0.09, 0.1, 0.1, 0.12, 0.12, 0.14, 0.14, 0.15, 0.15, 0.16, 0.16, 0.18, 0.18, 0.21, 0.21, 0.23, 0.23, 0.3, 0.3, 0.31, 0.31, 0.35, 0.35, 0.36, 0.36, 0.37, 0.37, 0.42, 0.42, 0.46, 0.46, 0.47, 0.47, 0.51, 0.51, 0.52, 0.52, 0.54, 0.54, 0.55, 0.55, 0.57, 0.57, 0.58, 0.58, 0.59, 0.59, 0.6, 0.6, 0.64, 0.64, 0.76, 0.78, 0.84, 0.86, 0.87, 0.89, 0.94, 0.94, 0.95, 0.95, 1.0]","[0.0, 0.00684931506849315, 0.11643835616438356, 0.11643835616438356, 0.15753424657534246, 0.15753424657534246, 0.273972602739726, 0.2876712328767123, 0.3150684931506849, 0.3150684931506849, 0.410958904109589, 0.410958904109589, 0.5, 0.5, 0.5273972602739726, 0.5273972602739726, 0.5753424657534246, 0.5753424657534246, 0.5958904109589042, 0.5958904109589042, 0.6164383561643836, 0.6164383561643836, 0.6506849315068494, 0.6506849315068494, 0.6712328767123288, 0.6712328767123288, 0.678082191780822, 0.678082191780822, 0.684931506849315, 0.684931506849315, 0.6986301369863014, 0.6986301369863014, 0.7123287671232876, 0.7123287671232876, 0.7191780821917808, 0.7191780821917808, 0.7328767123287672, 0.7328767123287672, 0.7534246575342466, 0.7534246575342466, 0.7602739726027398, 0.7602739726027398, 0.7671232876712328, 0.7671232876712328, 0.7945205479452054, 0.7945205479452054, 0.8082191780821918, 0.8082191780821918, 0.815068493150685, 0.815068493150685, 0.8356164383561644, 0.8356164383561644, 0.8424657534246576, 0.8424657534246576, 0.8698630136986302, 0.8698630136986302, 0.8835616438356164, 0.8835616438356164, 0.8904109589041096, 0.8904109589041096, 0.8972602739726028, 0.8972602739726028, 0.9315068493150684, 0.9315068493150684, 0.9383561643835616, 0.9383561643835616, 0.9726027397260274, 0.9726027397260274, 0.9863013698630136, 0.9863013698630136, 0.9863013698630136, 0.9863013698630136, 0.9863013698630136, 0.9863013698630136, 0.9863013698630136, 0.9863013698630136, 0.9931506849315068, 0.9931506849315068, 1.0, 1.0]",237,9,0.2692,0.009900990099009901
