{
  "center_x": 23.814833333333336,
  "center_y": -10.622104166666666,
  "center_z": -11.554249999999998,
  "size_x": 30.217000000000002,
  "size_y": 20.051000000000002,
  "size_z": 25.973,
  "ligand_resname": "KY9",
  "n_atoms_used": 48
}