{
  "center_x": -13.8704375,
  "center_y": 14.9338125,
  "center_z": -26.729937500000002,
  "size_x": 21.697,
  "size_y": 22.433999999999997,
  "size_z": 22.741,
  "ligand_resname": "8AM",
  "n_atoms_used": 32
}