{
  "center_x": -2.671510204081632,
  "center_y": -10.604775510204083,
  "center_z": 21.108346938775515,
  "size_x": 30.662,
  "size_y": 23.215,
  "size_z": 24.154,
  "ligand_resname": "KXY",
  "n_atoms_used": 49
}